{
	"agcgw_all":{
		"CN":"connect-drcn.dbankcloud.cn",
		"CN_back":"connect-drcn.hispace.hicloud.com",
		"DE":"connect-dre.dbankcloud.cn",
		"DE_back":"connect-dre.hispace.hicloud.com",
		"RU":"connect-drru.dbankcloud.cn",
		"RU_back":"connect-drru.hispace.hicloud.com",
		"SG":"connect-dra.dbankcloud.cn",
		"SG_back":"connect-dra.hispace.hicloud.com"
	},
	"client":{
		"cp_id":"2640062000021127876",
		"product_id":"737518067794323946",
		"client_id":"807947326009127296",
		"client_secret":"EB096A5CADB95D93214684E5A61EFF52694109267948BA9B8D46670A1B5F743D",
		"project_id":"737518067794323946",
		"app_id":"105386463",
		"api_key":"DAEDAA/aeisFfRcM900bKx0C46Czl6DodsBf+2yz8xBBoIJT/v1pU+YqAXIuaOpLyy+nAB7t9hwc2qa9MRqCQy0OQe7g7eAdNpvKTQ==",
		"package_name":"com.hms.myscheduler2301922770"
	},
	"oauth_client":{
		"client_id":"105386463",
		"client_type":1
	},
	"app_info":{
		"app_id":"105386463",
		"package_name":"com.hms.myscheduler2301922770"
	},
	"configuration_version":"3.0",
	"appInfos":[
		{
			"package_name":"com.hms.myscheduler2301922770",
			"client":{
				"app_id":"105386463"
			},
			"app_info":{
				"package_name":"com.hms.myscheduler2301922770",
				"app_id":"105386463"
			},
			"oauth_client":{
				"client_type":1,
				"client_id":"105386463"
			}
		}
	]
}